{"train_loss": 0.12454465903529907, "train_acc": 0.9687500068545342, "_timestamp": 1687816759, "_runtime": 11171, "_step": 504, "valid_loss": 0.0002810625380664422, "valid_acc": 0.9929245299888108, "average_precision_score": 0.999806013054257, "best_epoch": 11, "best_ap": 0.9998348895115646}