{"best/epoch": 18, "best/precision": 0.5408858245558802, "best/recall": 0.46394498164409675, "best/mAP_0.5": 0.44835069059461796, "best/mAP_0.5:0.95": 0.14583052408273006, "Labels": {"_type": "images/separated", "width": 1600, "height": 1600, "format": "jpg", "count": 2, "filenames": ["media/images/Labels_0_6f400dd3131efa31b8ef.jpg", "media/images/Labels_0_072bef19c6438d9eeb49.jpg"], "captions": ["labels.jpg", "labels_correlogram.jpg"]}, "Mosaics": {"_type": "images/separated", "width": 1920, "height": 1920, "format": "jpg", "count": 3, "filenames": ["media/images/Mosaics_0_43d73a2ab5fb4b126aae.jpg", "media/images/Mosaics_0_b1d1c51ca962e04eed49.jpg", "media/images/Mosaics_0_ae29464b8c462dee2341.jpg"], "captions": ["train_batch0.jpg", "train_batch1.jpg", "train_batch2.jpg"]}, "train/box_loss": 0.02973845787346363, "train/obj_loss": 0.014707434922456741, "train/cls_loss": 2.1401483536465093e-05, "metrics/precision": 0.5396384616716807, "metrics/recall": 0.4646017699115044, "metrics/mAP_0.5": 0.4493836001065287, "metrics/mAP_0.5:0.95": 0.1460156301951569, "val/box_loss": 0.05115384981036186, "val/obj_loss": 0.010913990437984467, "val/cls_loss": 5.381592200137675e-05, "x/lr0": 0.0004960000000000005, "x/lr1": 0.0004960000000000005, "x/lr2": 0.0004960000000000005, "_timestamp": 1687906126, "_runtime": 10934, "_step": 50, "Validation": {"_type": "images/separated", "width": 1920, "height": 1920, "format": "jpg", "count": 6, "filenames": ["media/images/Validation_50_11bfe63d8d5d9829007d.jpg", "media/images/Validation_50_314e1ec1451a063a4dc9.jpg", "media/images/Validation_50_3623b8fedc7f65ef13a6.jpg", "media/images/Validation_50_04a12ac224c91d5e844e.jpg", "media/images/Validation_50_71a7670240c08c8110a1.jpg", "media/images/Validation_50_dc3428b7b6860173876c.jpg"], "captions": ["val_batch0_labels.jpg", "val_batch0_pred.jpg", "val_batch1_labels.jpg", "val_batch1_pred.jpg", "val_batch2_labels.jpg", "val_batch2_pred.jpg"]}, "Results": {"_type": "images/separated", "width": 2400, "height": 1200, "format": "png", "count": 6, "filenames": ["media/images/Results_50_032220a43c67af61856b.png", "media/images/Results_50_1152c0d598ae6d175aa7.png", "media/images/Results_50_3f1fea0908d45a6c7c7c.png", "media/images/Results_50_6237c1c868a39eedd6aa.png", "media/images/Results_50_fc96867ea930526c2d7a.png", "media/images/Results_50_beb878a5242cbf10fdae.png"], "captions": ["results.png", "confusion_matrix.png", "F1_curve.png", "PR_curve.png", "P_curve.png", "R_curve.png"]}, "_wandb": {"runtime": 10935}}