{"train_loss": 0.231886334189574, "train_acc": 0.5733333333333334, "_timestamp": 1687789274, "_runtime": 61, "_step": 2}